{"method":["message_pack","message_pack","message_pack","message_pack","message_pack","message_pack","message_pack","message_pack","message_pack","message_pack","message_pack","message_pack","message_pack","message_pack","message_pack","message_pack","message_pack","message_pack","message_pack","message_pack","message_pack","message_pack","message_pack","message_pack","message_pack","message_pack","message_pack","message_pack","message_pack","message_pack","message_pack","message_pack","message_pack","message_pack","message_pack","message_pack","message_pack","message_pack","message_pack","message_pack","message_pack","message_pack","message_pack","message_pack","message_pack","message_pack","message_pack","message_pack","message_pack","message_pack","message_pack","message_pack","message_pack","message_pack","message_pack","message_pack","message_pack","message_pack","message_pack","message_pack","message_pack","message_pack","message_pack","message_pack","message_pack","message_pack","message_pack","message_pack","message_pack","message_pack","message_pack","message_pack","message_pack","message_pack","message_pack","message_pack","message_pack","message_pack","message_pack","message_pack","message_pack","message_pack","message_pack","message_pack","message_pack","message_pack","message_pack","message_pack","message_pack","message_pack"],"size":[1024,1024,1024,1024,1024,1024,1024,1024,1024,1024,1024,1024,1024,1024,1024,1024,1024,1024,1024,1024,1024,1024,1024,1024,1024,1024,1024,1024,1024,1024,10240,10240,10240,10240,10240,10240,10240,10240,10240,10240,10240,10240,10240,10240,10240,10240,10240,10240,10240,10240,10240,10240,10240,10240,10240,10240,10240,10240,10240,10240,102400,102400,102400,102400,102400,102400,102400,102400,102400,102400,102400,102400,102400,102400,102400,102400,102400,102400,102400,102400,102400,102400,102400,102400,102400,102400,102400,102400,102400,102400],"rps":[663.0156604299,644.6996022203,644.5292358461,658.8982562258,657.5702778234,643.0061825044,656.1658262276,661.5506747817,648.3612668979,647.1507570046,646.7259498787,649.6480531672,633.0616443776,653.0633569416,657.7065116233,623.1131355365,649.6100715545,645.7091015926,653.6823561327,651.3194102954,651.0162363449,642.9193682674,648.754553446,642.2236351142,649.6586044034,643.2522835456,647.7774754816,660.0093721331,663.2069371446,652.7351233506,256.1606639684,249.4070347748,252.0177168455,219.1605493478,224.6688661749,254.9134568814,252.464686502,252.8288386687,226.6794967262,257.4592377662,221.7058938295,223.3394156101,259.3737679746,254.7728508955,222.6197221038,223.0129269443,257.6721894406,257.27741323,256.6725230781,257.2420055616,254.58766981,250.747855479,258.7071112117,256.2778461897,253.3325902244,252.1384492225,252.4442918559,250.8085440439,256.9221243349,252.7007391497,45.9460111396,43.5757284064,45.0631819608,45.1204795766,45.3945730334,44.0370236873,45.5830897677,45.2109202457,45.1412141316,45.2705105404,44.9632403029,44.8010508534,45.1291845472,45.1191766653,45.4538636466,45.5448795828,42.5483120127,45.3916470745,43.7287792433,45.2546228729,45.171392686,45.5816041762,45.4227701621,44.3337086921,44.9622699112,44.7774092597,45.6456034269,45.0084402077,43.9228749454,45.3179940987]}