{"method": ["grpc", "grpc", "grpc", "grpc", "grpc", "grpc", "grpc", "grpc", "grpc", "grpc", "grpc", "grpc", "grpc", "grpc", "grpc", "grpc", "grpc", "grpc", "grpc", "grpc", "grpc", "grpc", "grpc", "grpc", "grpc", "grpc", "grpc", "grpc", "grpc", "grpc", "grpc", "grpc", "grpc", "grpc", "grpc", "grpc", "grpc", "grpc", "grpc", "grpc", "grpc", "grpc", "grpc", "grpc", "grpc", "grpc", "grpc", "grpc", "grpc", "grpc", "grpc", "grpc", "grpc", "grpc", "grpc", "grpc", "grpc", "grpc", "grpc", "grpc", "grpc", "grpc", "grpc", "grpc", "grpc", "grpc", "grpc", "grpc", "grpc", "grpc", "grpc", "grpc", "grpc", "grpc", "grpc", "grpc", "grpc", "grpc", "grpc", "grpc", "grpc", "grpc", "grpc", "grpc", "grpc", "grpc", "grpc", "grpc", "grpc", "grpc"], "size": [1024, 1024, 1024, 1024, 1024, 1024, 1024, 1024, 1024, 1024, 1024, 1024, 1024, 1024, 1024, 1024, 1024, 1024, 1024, 1024, 1024, 1024, 1024, 1024, 1024, 1024, 1024, 1024, 1024, 1024, 10240, 10240, 10240, 10240, 10240, 10240, 10240, 10240, 10240, 10240, 10240, 10240, 10240, 10240, 10240, 10240, 10240, 10240, 10240, 10240, 10240, 10240, 10240, 10240, 10240, 10240, 10240, 10240, 10240, 10240, 102400, 102400, 102400, 102400, 102400, 102400, 102400, 102400, 102400, 102400, 102400, 102400, 102400, 102400, 102400, 102400, 102400, 102400, 102400, 102400, 102400, 102400, 102400, 102400, 102400, 102400, 102400, 102400, 102400, 102400], "rps": [3450.298450816, 3924.7237975627, 3479.5921917951, 3732.8754339468, 3695.7646537069, 3807.3481819912, 4083.3826742073, 3761.3781689611, 3564.2364514462, 4193.0479265378, 4111.5885122217, 3843.6406964677, 4213.098523309, 4064.2145905304, 3964.3211100099, 4075.0626540883, 3781.8621889418, 3988.1949429688, 4110.8279207432, 4105.5116493893, 4069.5899888086, 3773.7985168972, 4009.2212087802, 4233.7898770084, 4043.5898991124, 3897.5718127607, 4027.7917631658, 4126.7745130406, 4102.7324197916, 4141.0439571816, 4005.3671920373, 3738.1780120369, 3903.8101186758, 3655.3047610345, 3927.9611917434, 3700.2775208141, 4094.9202514281, 3479.1684787336, 3891.5805654467, 3914.0475165369, 3949.2911022471, 3699.2509016924, 3568.9430575135, 3632.4669899562, 4012.6800690181, 3864.9583550737, 3842.0900970128, 3800.1862091242, 3749.5313085864, 3775.2232100723, 3998.2407740594, 3846.1538461538, 3903.5815360593, 3925.2629926205, 4221.1012853253, 3854.8272073704, 3631.4776482551, 3883.193538366, 3815.4832309512, 3842.6806540242, 1815.1785228077, 1786.017270787, 1682.8642349278, 1726.7131152495, 1800.8932430486, 1769.7548889479, 1681.7463253843, 1424.6840763061, 1431.7417137948, 1503.8498556304, 1657.0694726376, 1767.1591150067, 1713.047425718, 1618.3586606464, 1619.3938608779, 1565.925461948, 1606.9807242662, 1609.1787556221, 1500.7128385983, 1295.8067692946, 1317.5751347221, 1394.2528895891, 1840.8239528013, 1781.7530668425, 1817.3062070094, 1794.3978897881, 1777.2564492193, 1673.584147811, 1844.7291476429, 1824.1184947374]}