{"method":["protobuf","protobuf","protobuf","protobuf","protobuf","protobuf","protobuf","protobuf","protobuf","protobuf","protobuf","protobuf","protobuf","protobuf","protobuf","protobuf","protobuf","protobuf","protobuf","protobuf","protobuf","protobuf","protobuf","protobuf","protobuf","protobuf","protobuf","protobuf","protobuf","protobuf","protobuf","protobuf","protobuf","protobuf","protobuf","protobuf","protobuf","protobuf","protobuf","protobuf","protobuf","protobuf","protobuf","protobuf","protobuf","protobuf","protobuf","protobuf","protobuf","protobuf","protobuf","protobuf","protobuf","protobuf","protobuf","protobuf","protobuf","protobuf","protobuf","protobuf","protobuf","protobuf","protobuf","protobuf","protobuf","protobuf","protobuf","protobuf","protobuf","protobuf","protobuf","protobuf","protobuf","protobuf","protobuf","protobuf","protobuf","protobuf","protobuf","protobuf","protobuf","protobuf","protobuf","protobuf","protobuf","protobuf","protobuf","protobuf","protobuf","protobuf"],"size":[1024,1024,1024,1024,1024,1024,1024,1024,1024,1024,1024,1024,1024,1024,1024,1024,1024,1024,1024,1024,1024,1024,1024,1024,1024,1024,1024,1024,1024,1024,10240,10240,10240,10240,10240,10240,10240,10240,10240,10240,10240,10240,10240,10240,10240,10240,10240,10240,10240,10240,10240,10240,10240,10240,10240,10240,10240,10240,10240,10240,102400,102400,102400,102400,102400,102400,102400,102400,102400,102400,102400,102400,102400,102400,102400,102400,102400,102400,102400,102400,102400,102400,102400,102400,102400,102400,102400,102400,102400,102400],"rps":[1510.505566213,1543.8650661932,1347.7543043903,1536.4759387868,1528.420988277,1542.1746204323,1365.485976459,1517.7846415372,1527.4871309209,1425.8826213426,1518.7182018376,1549.1386788945,1357.5612769221,1460.3443491975,1513.9013996018,1556.238571373,1406.0347009364,1540.6421396438,1539.7170000154,1422.6167612707,1377.0121590174,1544.6162400951,1532.7784675281,1442.4290505211,1516.5071806615,1543.6148372258,1417.8162793665,1568.6028454456,1502.9796571703,1421.1610886094,1471.6270308453,1502.9457737165,1366.8204339655,1519.4566423047,1486.3478945882,1469.4213418756,1375.4968982545,1517.0823472298,1502.6070231852,1378.9299503585,1498.1946754161,1511.635816699,1390.9173099659,1413.7872532941,1513.9701596482,1534.6014256447,1379.5386822647,1528.4326687199,1516.185277841,1305.92629352,1488.8263581818,1528.7130529164,1500.6903175461,1418.9328206256,1520.8431554454,1532.0270249567,1398.8655200632,1509.6504404405,1502.1781583296,1401.3551103917,1139.1921988118,1139.2895390435,1147.8354692638,1094.5349868109,1110.2968933893,1166.2487608607,1060.3947849784,1164.3544527825,1159.2791602182,1071.8228491195,745.6760112299,490.309041789,474.1887223696,496.152338614,496.2065012976,492.1780601786,475.7883217756,483.7976177805,469.5695455976,465.6956911506,478.3750556111,489.6020759128,479.5933048775,471.1658291694,474.2303241838,480.2843283224,464.8978851795,474.2471918638,477.5560591119,459.5873365305]}