{"method":["protobuf","protobuf","protobuf","protobuf","protobuf","protobuf","protobuf","protobuf","protobuf","protobuf","protobuf","protobuf","protobuf","protobuf","protobuf","protobuf","protobuf","protobuf","protobuf","protobuf","protobuf","protobuf","protobuf","protobuf","protobuf","protobuf","protobuf","protobuf","protobuf","protobuf","protobuf","protobuf","protobuf","protobuf","protobuf","protobuf","protobuf","protobuf","protobuf","protobuf","protobuf","protobuf","protobuf","protobuf","protobuf","protobuf","protobuf","protobuf","protobuf","protobuf","protobuf","protobuf","protobuf","protobuf","protobuf","protobuf","protobuf","protobuf","protobuf","protobuf","protobuf","protobuf","protobuf","protobuf","protobuf","protobuf","protobuf","protobuf","protobuf","protobuf","protobuf","protobuf","protobuf","protobuf","protobuf","protobuf","protobuf","protobuf","protobuf","protobuf","protobuf","protobuf","protobuf","protobuf","protobuf","protobuf","protobuf","protobuf","protobuf","protobuf"],"size":[1024,1024,1024,1024,1024,1024,1024,1024,1024,1024,1024,1024,1024,1024,1024,1024,1024,1024,1024,1024,1024,1024,1024,1024,1024,1024,1024,1024,1024,1024,10240,10240,10240,10240,10240,10240,10240,10240,10240,10240,10240,10240,10240,10240,10240,10240,10240,10240,10240,10240,10240,10240,10240,10240,10240,10240,10240,10240,10240,10240,102400,102400,102400,102400,102400,102400,102400,102400,102400,102400,102400,102400,102400,102400,102400,102400,102400,102400,102400,102400,102400,102400,102400,102400,102400,102400,102400,102400,102400,102400],"rps":[696.5752875985,755.1415701659,752.040850859,755.7807782275,735.518558972,770.1193685021,765.4623392529,760.1874622282,748.559023879,770.9921898491,764.2718209158,736.4963396132,771.4114901741,760.5083237636,770.2765678017,740.5789105344,758.6015938219,763.0908230698,750.8099362187,741.449236678,767.2889379954,769.772570694,738.2525561995,766.9093934897,714.9393731412,715.3254909815,695.0139697808,705.4574185902,710.545201333,696.9879665028,681.157149766,660.6830802367,657.0669189804,638.2557746191,655.8602755269,658.3798588434,654.8359635911,641.0071504348,655.3638252276,659.3218215743,649.6987022268,692.4872062989,701.1221459947,668.5765670599,672.7075807417,690.698365117,682.3400168538,678.0948247803,694.5650286508,694.2274983512,679.4655324122,676.718187478,690.0263590069,697.4376142054,690.4932884052,684.3268618823,691.3836314925,686.9240571109,680.0616135822,689.3604114103,251.101078228,235.4206908891,235.2393207229,246.3579063027,251.6755298399,238.3298795362,257.2502775087,250.9290648627,245.0271735135,244.1075489039,253.5104864613,257.1550169015,255.5652528371,249.0337490537,244.9116542435,255.1492304061,230.5361232815,238.7860119154,264.8561102967,251.2689079853,256.7044792365,242.437466286,244.2276788113,253.5532315993,245.9449821075,252.6088175634,247.978356449,241.8756976602,221.6081214944,250.7066794527]}