{
  "method": [
    "mq",
    "mq",
    "mq",
    "mq",
    "mq",
    "mq",
    "mq",
    "mq",
    "mq",
    "mq",
    "mq",
    "mq",
    "mq",
    "mq",
    "mq",
    "mq",
    "mq",
    "mq",
    "mq",
    "mq",
    "mq",
    "mq",
    "mq",
    "mq",
    "mq",
    "mq",
    "mq",
    "mq",
    "mq",
    "mq",
    "mq",
    "mq",
    "mq",
    "mq",
    "mq",
    "mq",
    "mq",
    "mq",
    "mq",
    "mq",
    "mq",
    "mq",
    "mq",
    "mq",
    "mq",
    "mq",
    "mq",
    "mq",
    "mq",
    "mq",
    "mq",
    "mq",
    "mq",
    "mq",
    "mq",
    "mq",
    "mq",
    "mq",
    "mq",
    "mq",
    "mq",
    "mq",
    "mq",
    "mq",
    "mq",
    "mq",
    "mq",
    "mq",
    "mq",
    "mq",
    "mq",
    "mq",
    "mq",
    "mq",
    "mq",
    "mq",
    "mq",
    "mq",
    "mq",
    "mq",
    "mq",
    "mq",
    "mq",
    "mq",
    "mq",
    "mq",
    "mq",
    "mq",
    "mq",
    "mq"
  ],
  "size": [
    1024,
    1024,
    1024,
    1024,
    1024,
    1024,
    1024,
    1024,
    1024,
    1024,
    1024,
    1024,
    1024,
    1024,
    1024,
    1024,
    1024,
    1024,
    1024,
    1024,
    1024,
    1024,
    1024,
    1024,
    1024,
    1024,
    1024,
    1024,
    10240,
    10240,
    10240,
    10240,
    10240,
    10240,
    10240,
    10240,
    10240,
    10240,
    10240,
    10240,
    10240,
    10240,
    10240,
    10240,
    10240,
    10240,
    10240,
    10240,
    10240,
    10240,
    10240,
    10240,
    10240,
    10240,
    10240,
    10240,
    10240,
    102400,
    102400,
    102400,
    102400,
    102400,
    102400,
    102400,
    102400,
    102400,
    102400,
    102400,
    102400,
    102400,
    102400,
    102400,
    102400,
    102400,
    102400,
    102400,
    102400,
    102400,
    102400,
    102400,
    102400,
    102400,
    102400,
    102400,
    102400,
    102400,
    102400,
    102400,
    102400,
    102400
  ],
  "rps": [
    1272.7342149139,
    1561.9020843583,
    1537.2672000984,
    1580.8277213949,
    1463.0470881705,
    1514.9908343055,
    1548.9347201462,
    1599.8592123893,
    1478.2840079236,
    1454.3127645031,
    1454.6300875687,
    1555.2099533437,
    1536.0747146741,
    1445.7448115833,
    1504.3815111512,
    1429.0103388898,
    1629.0757438767,
    1487.6192884717,
    1515.6452480732,
    1522.6378177555,
    1545.4159100568,
    1583.7569883277,
    1514.0618494265,
    1501.2084728206,
    1595.7616570389,
    1597.9673854857,
    1501.3324325339,
    1522.5450863664,
    1360.8497145618,
    1210.4046382706,
    1538.2722126508,
    1474.2956552507,
    1464.9224323572,
    1554.0257035851,
    1473.5353059059,
    1214.8011370539,
    1468.6552258425,
    1521.977352977,
    1535.9449517329,
    1571.6845314808,
    1481.8217516615,
    1483.5584633301,
    1560.8172439089,
    1593.1938757627,
    1510.8022359873,
    1489.4583584679,
    1561.2924378801,
    1523.7979139207,
    1524.2275976649,
    1486.0386667261,
    1509.4453543046,
    1527.9655902149,
    1574.1214434694,
    1443.2096983692,
    1540.8914056782,
    1537.5508352745,
    1475.3941146529,
    1539.3851695633,
    941.322652459,
    1290.3808559096,
    1202.1470346038,
    1346.5202550309,
    1277.9634374661,
    1288.3360495752,
    1314.336785658,
    1230.9131529225,
    1277.2615512342,
    1237.6697154597,
    1295.7228189746,
    1281.9362364916,
    1294.1549491721,
    1341.255683571,
    1375.1942461873,
    1381.5112351401,
    1326.8582650001,
    1307.4117170238,
    1410.5068656422,
    1377.3820100136,
    1344.7095763492,
    1311.0627474631,
    1379.9194127063,
    1323.5916984329,
    1358.0037345103,
    1333.7779259753,
    1340.7611501049,
    1330.9110751765,
    1371.4881331989,
    1340.7611501049,
    1330.9110751765,
    1371.4881331989
  ]
}