{
  "size": [
    1024,
    1024,
    1024,
    1024,
    1024,
    1024,
    1024,
    1024,
    1024,
    1024,
    1024,
    1024,
    1024,
    1024,
    1024,
    1024,
    1024,
    1024,
    1024,
    1024,
    1024,
    1024,
    1024,
    1024,
    1024,
    1024,
    1024,
    1024,
    1024,
    1024,
    10240,
    10240,
    10240,
    10240,
    10240,
    10240,
    10240,
    10240,
    10240,
    10240,
    10240,
    10240,
    10240,
    10240,
    10240,
    10240,
    10240,
    10240,
    10240,
    10240,
    10240,
    10240,
    10240,
    10240,
    10240,
    10240,
    10240,
    10240,
    10240,
    10240,
    102400,
    102400,
    102400,
    102400,
    102400,
    102400,
    102400,
    102400,
    102400,
    102400,
    102400,
    102400,
    102400,
    102400,
    102400,
    102400,
    102400,
    102400,
    102400,
    102400,
    102400,
    102400,
    102400,
    102400,
    102400,
    102400,
    102400,
    102400,
    102400,
    102400
  ],
  "rps": [
    732.3968419048,
    703.457493581,
    741.0261730444,
    709.3959493491,
    756.5326595149,
    752.7513060235,
    739.6832676248,
    735.8947376167,
    742.3023248909,
    755.8921795395,
    716.2092476938,
    746.9598733156,
    749.203970781,
    748.446972532,
    748.2509633731,
    751.3881896804,
    753.1084551486,
    743.1463329444,
    722.6425593109,
    749.203970781,
    750.4408840194,
    752.0663021652,
    744.2691277166,
    743.77645055,
    740.2143660804,
    748.6038538126,
    710.4290991759,
    755.5837640161,
    743.5828797478,
    750.7056633235,
    709.7232079489,
    703.5366788848,
    707.9445537825,
    678.7668164479,
    707.628947685,
    717.4939371762,
    704.3940098333,
    718.9692856321,
    724.3384978668,
    698.4654713594,
    721.5059271712,
    678.6194166587,
    678.9050619161,
    702.370500439,
    705.4126311186,
    720.7466935745,
    705.6167090037,
    714.8882629645,
    714.7554106985,
    690.3073938825,
    709.526816566,
    727.2780165674,
    700.7070133765,
    706.7037921725,
    713.9185561711,
    700.9869896815,
    682.0956707388,
    712.5755330065,
    719.8387561186,
    709.7131339513,
    409.6883091344,
    407.5710396322,
    394.2860071839,
    410.111714431,
    388.1189041075,
    396.0145099716,
    337.1657844162,
    301.5372368334,
    387.7366647668,
    388.5562415732,
    390.9258296423,
    394.6143039793,
    381.4464449191,
    394.4788736839,
    385.5748728567,
    386.649757184,
    395.041439847,
    399.4232328518,
    398.822675462,
    397.7376681436,
    381.391162404,
    390.9044355926,
    396.8285462583,
    402.0181310177,
    403.8935336645,
    399.5173830013,
    422.0014685651,
    384.5044698645,
    406.8182742769,
    395.2053684697
  ],
  "method": [
    "ujson",
    "ujson",
    "ujson",
    "ujson",
    "ujson",
    "ujson",
    "ujson",
    "ujson",
    "ujson",
    "ujson",
    "ujson",
    "ujson",
    "ujson",
    "ujson",
    "ujson",
    "ujson",
    "ujson",
    "ujson",
    "ujson",
    "ujson",
    "ujson",
    "ujson",
    "ujson",
    "ujson",
    "ujson",
    "ujson",
    "ujson",
    "ujson",
    "ujson",
    "ujson",
    "ujson",
    "ujson",
    "ujson",
    "ujson",
    "ujson",
    "ujson",
    "ujson",
    "ujson",
    "ujson",
    "ujson",
    "ujson",
    "ujson",
    "ujson",
    "ujson",
    "ujson",
    "ujson",
    "ujson",
    "ujson",
    "ujson",
    "ujson",
    "ujson",
    "ujson",
    "ujson",
    "ujson",
    "ujson",
    "ujson",
    "ujson",
    "ujson",
    "ujson",
    "ujson",
    "ujson",
    "ujson",
    "ujson",
    "ujson",
    "ujson",
    "ujson",
    "ujson",
    "ujson",
    "ujson",
    "ujson",
    "ujson",
    "ujson",
    "ujson",
    "ujson",
    "ujson",
    "ujson",
    "ujson",
    "ujson",
    "ujson",
    "ujson",
    "ujson",
    "ujson",
    "ujson",
    "ujson",
    "ujson",
    "ujson",
    "ujson",
    "ujson",
    "ujson",
    "ujson"
  ]
}